{
  "properties": {
    "connectionReferences": {
      "shared_approvals_1": {
        "runtimeSource": "embedded",
        "connection": {
          "connectionReferenceLogicalName": "fsdemo_LongApproval"
        },
        "api": {
          "name": "shared_approvals"
        }
      },
      "shared_commondataserviceforapps_1": {
        "impersonation": {
          "source": "invoker"
        },
        "runtimeSource": "embedded",
        "connection": {
          "connectionReferenceLogicalName": "fsdemo_LongDataverse"
        },
        "api": {
          "name": "shared_commondataserviceforapps"
        }
      }
    },
    "definition": {
      "$schema": "https://schema.management.azure.com/providers/Microsoft.Logic/schemas/2016-06-01/workflowdefinition.json#",
      "contentVersion": "1.0.0.0",
      "parameters": {
        "$connections": {
          "defaultValue": {},
          "type": "Object"
        },
        "$authentication": {
          "defaultValue": {},
          "type": "SecureObject"
        }
      },
      "triggers": {
        "When_a_row_is_added,_modified_or_deleted": {
          "metadata": {
            "operationMetadataId": "acf1d385-daa3-497f-83b6-b045fbd0335d"
          },
          "type": "OpenApiConnectionWebhook",
          "inputs": {
            "host": {
              "connectionName": "shared_commondataserviceforapps_1",
              "operationId": "SubscribeWebhookTrigger",
              "apiId": "/providers/Microsoft.PowerApps/apis/shared_commondataserviceforapps"
            },
            "parameters": {
              "subscriptionRequest/message": 4,
              "subscriptionRequest/entityname": "fsdemo_approvalinstance",
              "subscriptionRequest/scope": 4,
              "subscriptionRequest/filteringattributes": "fsdemo_approvallevel,fsdemo_processstatus",
              "subscriptionRequest/filterexpression": "fsdemo_processstatus eq 1000",
              "subscriptionRequest/runas": 1
            },
            "authentication": "@parameters('$authentication')"
          }
        }
      },
      "actions": {
        "Create_an_approval": {
          "runAfter": {
            "Select": [
              "Succeeded"
            ]
          },
          "metadata": {
            "operationMetadataId": "80c4dd4b-9dea-484a-9d56-eea325539b71"
          },
          "type": "OpenApiConnection",
          "inputs": {
            "host": {
              "connectionName": "shared_approvals_1",
              "operationId": "CreateAnApproval",
              "apiId": "/providers/Microsoft.PowerApps/apis/shared_approvals"
            },
            "parameters": {
              "approvalType": "Basic",
              "ApprovalCreationInput/title": "Level @{triggerOutputs()?['body/fsdemo_approvallevel']} approval",
              "ApprovalCreationInput/assignedTo": "@join(body('Select'),';')",
              "ApprovalCreationInput/details": "Approval for @{triggerOutputs()?['body/fsdemo_name']}",
              "ApprovalCreationInput/enableNotifications": true,
              "ApprovalCreationInput/enableReassignment": true
            },
            "authentication": "@parameters('$authentication')"
          }
        },
        "List_rows": {
          "runAfter": {},
          "metadata": {
            "operationMetadataId": "02aa1422-78ee-487f-aca3-43a0940362c6"
          },
          "type": "OpenApiConnection",
          "inputs": {
            "host": {
              "connectionName": "shared_commondataserviceforapps_1",
              "operationId": "ListRecords",
              "apiId": "/providers/Microsoft.PowerApps/apis/shared_commondataserviceforapps"
            },
            "parameters": {
              "entityName": "fsdemo_approvalprofiles",
              "$select": "fsdemo_name",
              "$filter": "fsdemo_level eq @{triggerOutputs()?['body/fsdemo_approvallevel']}"
            },
            "authentication": "@parameters('$authentication')"
          }
        },
        "Select": {
          "runAfter": {
            "List_rows": [
              "Succeeded"
            ]
          },
          "metadata": {
            "operationMetadataId": "3f21f64c-f0bd-4b69-a7fe-fe7737f1ca71"
          },
          "type": "Select",
          "inputs": {
            "from": "@outputs('List_rows')?['body/value']",
            "select": "@item()['fsdemo_name']"
          }
        },
        "Update_a_row": {
          "runAfter": {
            "Create_an_approval": [
              "Succeeded"
            ]
          },
          "metadata": {
            "operationMetadataId": "1b0cf9b9-e459-47c9-a318-8bb89cc6fbe9"
          },
          "type": "OpenApiConnection",
          "inputs": {
            "host": {
              "connectionName": "shared_commondataserviceforapps_1",
              "operationId": "UpdateRecord",
              "apiId": "/providers/Microsoft.PowerApps/apis/shared_commondataserviceforapps"
            },
            "parameters": {
              "entityName": "fsdemo_approvalinstances",
              "recordId": "@triggerOutputs()?['body/fsdemo_approvalinstanceid']",
              "item/fsdemo_approvalid": "@outputs('Create_an_approval')?['body/name']"
            },
            "authentication": "@parameters('$authentication')"
          }
        }
      }
    },
    "templateName": ""
  },
  "schemaVersion": "1.0.0.0"
}