{
  "properties": {
    "connectionReferences": {
      "shared_commondataserviceforapps": {
        "runtimeSource": "embedded",
        "connection": {
          "connectionReferenceLogicalName": "msdemo_LTRDemoDataverse"
        },
        "api": {
          "name": "shared_commondataserviceforapps"
        }
      }
    },
    "definition": {
      "$schema": "https://schema.management.azure.com/providers/Microsoft.Logic/schemas/2016-06-01/workflowdefinition.json#",
      "contentVersion": "1.0.0.0",
      "parameters": {
        "$connections": {
          "defaultValue": {},
          "type": "Object"
        },
        "$authentication": {
          "defaultValue": {},
          "type": "SecureObject"
        }
      },
      "triggers": {
        "manual": {
          "metadata": {
            "operationMetadataId": "b0f7e4ae-d045-435b-9cef-326aba73fb0c"
          },
          "type": "Request",
          "kind": "PowerApp",
          "inputs": {
            "schema": {
              "type": "object",
              "properties": {
                "Listrows_Filterrows": {
                  "type": "string",
                  "description": "Enter an OData style filter expression to limit which rows are listed. This parameter is used as part of \"0C9B74E4-973D-4EE9-B7DD-6F7B35CA0517\"",
                  "x-ms-powerflows-param-ispartial": true
                }
              },
              "required": [
                "Listrows_Filterrows"
              ]
            }
          }
        }
      },
      "actions": {
        "List_rows": {
          "runAfter": {},
          "metadata": {
            "operationMetadataId": "133861c1-078d-4020-8aa1-d3eb81b1ade8"
          },
          "type": "OpenApiConnection",
          "inputs": {
            "host": {
              "connectionName": "shared_commondataserviceforapps",
              "operationId": "ListRecords",
              "apiId": "/providers/Microsoft.PowerApps/apis/shared_commondataserviceforapps"
            },
            "parameters": {
              "entityName": "annotations",
              "$select": "annotationid, filename, filesize, mimetype",
              "$filter": "_objectid_value eq @{triggerBody()['Listrows_Filterrows']}",
              "$orderby": "createdon desc"
            },
            "authentication": {
              "type": "Raw",
              "value": "@json(decodeBase64(triggerOutputs().headers['X-MS-APIM-Tokens']))['$ConnectionKey']"
            }
          }
        },
        "Response": {
          "runAfter": {
            "List_rows": [
              "Succeeded"
            ]
          },
          "metadata": {
            "operationMetadataId": "ee999f1f-c673-4d48-90c4-e658247d5c96"
          },
          "type": "Response",
          "kind": "Http",
          "inputs": {
            "statusCode": 200,
            "headers": {
              "Content-Type": "application/json"
            },
            "body": "@outputs('List_rows')?['body/value']",
            "schema": {
              "type": "array",
              "items": {
                "type": "object",
                "properties": {
                  "@@odata.type": {
                    "type": "string"
                  },
                  "@@odata.id": {
                    "type": "string"
                  },
                  "@@odata.etag": {
                    "type": "string"
                  },
                  "@@odata.editLink": {
                    "type": "string"
                  },
                  "annotationid@odata.type": {
                    "type": "string"
                  },
                  "annotationid": {
                    "type": "string"
                  },
                  "filename": {
                    "type": "string"
                  },
                  "filesize@OData.Community.Display.V1.FormattedValue": {
                    "type": "string"
                  },
                  "filesize": {
                    "type": "integer"
                  },
                  "mimetype": {
                    "type": "string"
                  },
                  "createdon@OData.Community.Display.V1.FormattedValue": {
                    "type": "string"
                  },
                  "createdon@odata.type": {
                    "type": "string"
                  },
                  "createdon": {
                    "type": "string"
                  }
                },
                "required": [
                  "@@odata.type",
                  "@@odata.id",
                  "@@odata.etag",
                  "@@odata.editLink",
                  "annotationid@odata.type",
                  "annotationid",
                  "filename",
                  "filesize@OData.Community.Display.V1.FormattedValue",
                  "filesize",
                  "mimetype",
                  "createdon@OData.Community.Display.V1.FormattedValue",
                  "createdon@odata.type",
                  "createdon"
                ]
              }
            }
          }
        }
      }
    },
    "templateName": ""
  },
  "schemaVersion": "1.0.0.0"
}