{
  "properties": {
    "connectionReferences": {
      "shared_webcontents": {
        "runtimeSource": "embedded",
        "connection": {
          "connectionReferenceLogicalName": "demo_AllEnvSolutionHTTPAPI"
        },
        "api": {
          "name": "shared_webcontents"
        }
      },
      "shared_commondataserviceforapps": {
        "runtimeSource": "embedded",
        "connection": {
          "connectionReferenceLogicalName": "demo_AllEnvSolutionDataverse"
        },
        "api": {
          "name": "shared_commondataserviceforapps"
        }
      }
    },
    "definition": {
      "$schema": "https://schema.management.azure.com/providers/Microsoft.Logic/schemas/2016-06-01/workflowdefinition.json#",
      "contentVersion": "1.0.0.0",
      "parameters": {
        "$connections": {
          "defaultValue": {},
          "type": "Object"
        },
        "$authentication": {
          "defaultValue": {},
          "type": "SecureObject"
        }
      },
      "staticResults": {
        "Register_App_User_into_Environment0": {
          "status": "Succeeded",
          "outputs": {
            "statusCode": "OK",
            "headers": {}
          }
        },
        "Perform_an_unbound_action_in_selected_environment1": {
          "status": "Succeeded",
          "outputs": {
            "statusCode": "OK",
            "headers": {}
          }
        }
      },
      "triggers": {
        "manual": {
          "metadata": {
            "operationMetadataId": "1c2bbfc5-f54c-4d18-b0d2-30cfa70ba3f7"
          },
          "type": "Request",
          "kind": "Button",
          "inputs": {
            "schema": {
              "type": "object",
              "properties": {
                "text": {
                  "title": "EnvironmentId",
                  "type": "string",
                  "x-ms-dynamically-added": true,
                  "description": "Please enter your input",
                  "x-ms-content-hint": "TEXT"
                },
                "text_1": {
                  "title": "ClientId",
                  "type": "string",
                  "x-ms-dynamically-added": true,
                  "description": "Please enter your input",
                  "x-ms-content-hint": "TEXT"
                },
                "text_2": {
                  "title": "OrgUrl",
                  "type": "string",
                  "x-ms-dynamically-added": true,
                  "description": "Please enter your input",
                  "x-ms-content-hint": "TEXT"
                },
                "text_3": {
                  "title": "Solution",
                  "type": "string",
                  "x-ms-dynamically-added": true,
                  "description": "Please enter your input",
                  "x-ms-content-hint": "TEXT"
                }
              },
              "required": [
                "text",
                "text_1",
                "text_2",
                "text_3"
              ]
            }
          }
        }
      },
      "actions": {
        "Register_App_User_into_Environment": {
          "runAfter": {
            "Respond_to_a_Power_App_or_flow": [
              "Succeeded"
            ]
          },
          "metadata": {
            "operationMetadataId": "6f2e79ab-7771-4377-ab06-4342cb128a19"
          },
          "type": "OpenApiConnection",
          "inputs": {
            "host": {
              "connectionName": "shared_webcontents",
              "operationId": "InvokeHttp",
              "apiId": "/providers/Microsoft.PowerApps/apis/shared_webcontents"
            },
            "parameters": {
              "request/method": "POST",
              "request/url": "https://api.bap.microsoft.com/providers/Microsoft.BusinessAppPlatform/scopes/admin/environments/@{triggerBody()['text']}/addAppUser?api-version=2020-10-01",
              "request/headers": {
                "Content-Type": "application/json"
              },
              "request/body": "{ \"servicePrincipalAppId\": \"@{triggerBody()['text_1']}\"}"
            },
            "authentication": {
              "type": "Raw",
              "value": "@json(decodeBase64(triggerOutputs().headers['X-MS-APIM-Tokens']))['$ConnectionKey']"
            }
          },
          "runtimeConfiguration": {
            "staticResult": {
              "staticResultOptions": "Disabled",
              "name": "Register_App_User_into_Environment0"
            }
          }
        },
        "Perform_an_unbound_action_in_selected_environment": {
          "runAfter": {
            "Register_App_User_into_Environment": [
              "Succeeded"
            ]
          },
          "metadata": {
            "operationMetadataId": "2c0e6612-1a20-4cac-bd23-6dd911e6a8cd"
          },
          "type": "OpenApiConnection",
          "inputs": {
            "host": {
              "connectionName": "shared_commondataserviceforapps",
              "operationId": "PerformUnboundActionWithOrganization",
              "apiId": "/providers/Microsoft.PowerApps/apis/shared_commondataserviceforapps"
            },
            "parameters": {
              "organization": "@triggerBody()['text_2']",
              "actionName": "ImportSolution",
              "item": {
                "CustomizationFile": "@{triggerBody()['text_3']}",
                "OverwriteUnmanagedCustomizations": false,
                "PublishWorkflows": false,
                "ImportJobId": "@{guid()}"
              }
            },
            "authentication": {
              "type": "Raw",
              "value": "@json(decodeBase64(triggerOutputs().headers['X-MS-APIM-Tokens']))['$ConnectionKey']"
            }
          },
          "runtimeConfiguration": {
            "staticResult": {
              "staticResultOptions": "Disabled",
              "name": "Perform_an_unbound_action_in_selected_environment1"
            }
          }
        },
        "Respond_to_a_Power_App_or_flow": {
          "runAfter": {},
          "metadata": {
            "operationMetadataId": "886dc3b4-62e6-4d80-a136-5f192fd65145"
          },
          "type": "Response",
          "kind": "PowerApp",
          "inputs": {
            "statusCode": 200,
            "body": {},
            "schema": {
              "type": "object",
              "properties": {}
            }
          }
        }
      }
    },
    "templateName": ""
  },
  "schemaVersion": "1.0.0.0"
}