{"swagger":"2.0","info":{"title":"FileUtility","description":"","version":"1.0"},"host":"api.contoso.com","basePath":"/","schemes":["https"],"consumes":[],"produces":[],"paths":{"/splitfile":{"post":{"responses":{"default":{"description":"default","schema":{"type":"array","items":{"type":"object","properties":{"fileName":{"type":"string","description":"fileName"},"data":{"type":"string","description":"data"}}}},"headers":{"Content-type":{"description":"Content-type","type":"string"}}}},"summary":"SplitFile","operationId":"SplitFile","parameters":[{"name":"filesize","in":"header","required":true,"type":"integer","default":1024},{"name":"filename","in":"header","required":true,"type":"string","default":"file"},{"name":"file","in":"body","required":true,"schema":{}}]}},"/joinfile":{}},"definitions":{},"parameters":{},"responses":{},"securityDefinitions":{},"security":[],"tags":[]}