{
  "properties": {
    "connectionReferences": {
      "shared_commondataserviceforapps_1": {
        "runtimeSource": "embedded",
        "connection": {
          "connectionReferenceLogicalName": "demo_SplitMyFileDataverse"
        },
        "api": {
          "name": "shared_commondataserviceforapps"
        }
      },
      "shared_fileutility-5f6e30975984cebb16-5fd38a7f0c84c461fb_1": {
        "runtimeSource": "embedded",
        "connection": {
          "connectionReferenceLogicalName": "demo_SplitMyFileCustom"
        },
        "api": {
          "name": "shared_fileutility-5f6e30975984cebb16-5fd38a7f0c84c461fb",
          "logicalName": "demo_fileutility"
        }
      }
    },
    "definition": {
      "$schema": "https://schema.management.azure.com/providers/Microsoft.Logic/schemas/2016-06-01/workflowdefinition.json#",
      "contentVersion": "1.0.0.0",
      "parameters": {
        "$connections": {
          "defaultValue": {},
          "type": "Object"
        },
        "$authentication": {
          "defaultValue": {},
          "type": "SecureObject"
        }
      },
      "triggers": {
        "When_a_row_is_added,_modified_or_deleted": {
          "metadata": {
            "operationMetadataId": "e7478c01-f9df-409b-a4e6-e3cea5f7fb64"
          },
          "type": "OpenApiConnectionWebhook",
          "inputs": {
            "host": {
              "connectionName": "shared_commondataserviceforapps_1",
              "operationId": "SubscribeWebhookTrigger",
              "apiId": "/providers/Microsoft.PowerApps/apis/shared_commondataserviceforapps"
            },
            "parameters": {
              "subscriptionRequest/message": 3,
              "subscriptionRequest/entityname": "demo_splitmyfilesource",
              "subscriptionRequest/scope": 4,
              "subscriptionRequest/filteringattributes": "demo_file",
              "subscriptionRequest/filterexpression": "demo_processingstatus eq 1000",
              "subscriptionRequest/runas": 1
            },
            "authentication": "@parameters('$authentication')"
          }
        }
      },
      "actions": {
        "Download_a_file_or_an_image": {
          "runAfter": {},
          "metadata": {
            "operationMetadataId": "50b6e85c-9ccb-46cd-aa86-84c190c7a885"
          },
          "type": "OpenApiConnection",
          "inputs": {
            "host": {
              "connectionName": "shared_commondataserviceforapps_1",
              "operationId": "GetEntityFileImageFieldContent",
              "apiId": "/providers/Microsoft.PowerApps/apis/shared_commondataserviceforapps"
            },
            "parameters": {
              "entityName": "demo_splitmyfilesources",
              "recordId": "@triggerOutputs()?['body/demo_splitmyfilesourceid']",
              "fileImageFieldName": "demo_file"
            },
            "authentication": "@parameters('$authentication')"
          }
        },
        "SplitFile": {
          "runAfter": {
            "Download_a_file_or_an_image": [
              "Succeeded"
            ]
          },
          "metadata": {
            "operationMetadataId": "f2097f87-2780-44d8-8854-ffa9268a37ec"
          },
          "type": "OpenApiConnection",
          "inputs": {
            "host": {
              "connectionName": "shared_fileutility-5f6e30975984cebb16-5fd38a7f0c84c461fb_1",
              "operationId": "SplitFile",
              "apiId": ""
            },
            "parameters": {
              "filesize": "@triggerOutputs()?['body/demo_size']",
              "filename": "@triggerOutputs()?['body/demo_filename']",
              "file": "@body('Download_a_file_or_an_image')"
            },
            "authentication": "@parameters('$authentication')"
          }
        },
        "Apply_to_each": {
          "foreach": "@body('SplitFile')",
          "actions": {
            "Add_a_new_row": {
              "runAfter": {},
              "metadata": {
                "operationMetadataId": "1b7ed380-d876-4c63-ae98-7e7d5fd8db29"
              },
              "type": "OpenApiConnection",
              "inputs": {
                "host": {
                  "connectionName": "shared_commondataserviceforapps_1",
                  "operationId": "CreateRecord",
                  "apiId": "/providers/Microsoft.PowerApps/apis/shared_commondataserviceforapps"
                },
                "parameters": {
                  "entityName": "demo_splitmyfileresults",
                  "item/demo_name": "@item()?['fileName']",
                  "item/demo_Source@odata.bind": "/demo_splitmyfilesources(@{triggerOutputs()?['body/demo_splitmyfilesourceid']})"
                },
                "authentication": "@parameters('$authentication')"
              }
            },
            "Upload_a_file_or_an_image": {
              "runAfter": {
                "Add_a_new_row": [
                  "Succeeded"
                ]
              },
              "metadata": {
                "operationMetadataId": "49210242-af29-4e42-a02e-f8e69a623809"
              },
              "type": "OpenApiConnection",
              "inputs": {
                "host": {
                  "connectionName": "shared_commondataserviceforapps_1",
                  "operationId": "UpdateEntityFileImageFieldContent",
                  "apiId": "/providers/Microsoft.PowerApps/apis/shared_commondataserviceforapps"
                },
                "parameters": {
                  "entityName": "demo_splitmyfileresults",
                  "recordId": "@outputs('Add_a_new_row')?['body/demo_splitmyfileresultid']",
                  "fileImageFieldName": "demo_file",
                  "item": "@item()?['data']",
                  "x-ms-file-name": "@item()?['fileName']"
                },
                "authentication": "@parameters('$authentication')"
              }
            }
          },
          "runAfter": {
            "SplitFile": [
              "Succeeded"
            ]
          },
          "metadata": {
            "operationMetadataId": "04025e55-1333-4389-ac81-ceb5fe1554c8"
          },
          "type": "Foreach",
          "runtimeConfiguration": {
            "concurrency": {
              "repetitions": 20
            }
          }
        },
        "Update_a_row": {
          "runAfter": {
            "Apply_to_each": [
              "Succeeded"
            ]
          },
          "metadata": {
            "operationMetadataId": "4972ee02-8f69-4865-b9c4-e667a12fc722"
          },
          "type": "OpenApiConnection",
          "inputs": {
            "host": {
              "connectionName": "shared_commondataserviceforapps_1",
              "operationId": "UpdateRecord",
              "apiId": "/providers/Microsoft.PowerApps/apis/shared_commondataserviceforapps"
            },
            "parameters": {
              "entityName": "demo_splitmyfilesources",
              "recordId": "@triggerOutputs()?['body/demo_splitmyfilesourceid']",
              "item/demo_processingstatus": 1001
            },
            "authentication": "@parameters('$authentication')"
          }
        }
      }
    },
    "templateName": ""
  },
  "schemaVersion": "1.0.0.0"
}