<ImportExportXml version="9.2.23063.162" SolutionPackageVersion="9.2" languagecode="1033" generatedBy="CrmLive" xmlns:xsi="http://www.w3.org/2001/XMLSchema-instance">
  <SolutionManifest>
    <UniqueName>LongRunningApproval</UniqueName>
    <LocalizedNames>
      <LocalizedName description="Long Running Approval" languagecode="1033" />
    </LocalizedNames>
    <Descriptions />
    <Version>1.0.0.1</Version>
    <Managed>1</Managed>
    <Publisher>
      <UniqueName>fsdemo</UniqueName>
      <LocalizedNames>
        <LocalizedName description="fsdemo" languagecode="1033" />
      </LocalizedNames>
      <Descriptions />
      <EMailAddress xsi:nil="true"></EMailAddress>
      <SupportingWebsiteUrl xsi:nil="true"></SupportingWebsiteUrl>
      <CustomizationPrefix>fsdemo</CustomizationPrefix>
      <CustomizationOptionValuePrefix>17376</CustomizationOptionValuePrefix>
      <Addresses>
        <Address>
          <AddressNumber>1</AddressNumber>
          <AddressTypeCode>1</AddressTypeCode>
          <City xsi:nil="true"></City>
          <County xsi:nil="true"></County>
          <Country xsi:nil="true"></Country>
          <Fax xsi:nil="true"></Fax>
          <FreightTermsCode xsi:nil="true"></FreightTermsCode>
          <ImportSequenceNumber xsi:nil="true"></ImportSequenceNumber>
          <Latitude xsi:nil="true"></Latitude>
          <Line1 xsi:nil="true"></Line1>
          <Line2 xsi:nil="true"></Line2>
          <Line3 xsi:nil="true"></Line3>
          <Longitude xsi:nil="true"></Longitude>
          <Name xsi:nil="true"></Name>
          <PostalCode xsi:nil="true"></PostalCode>
          <PostOfficeBox xsi:nil="true"></PostOfficeBox>
          <PrimaryContactName xsi:nil="true"></PrimaryContactName>
          <ShippingMethodCode>1</ShippingMethodCode>
          <StateOrProvince xsi:nil="true"></StateOrProvince>
          <Telephone1 xsi:nil="true"></Telephone1>
          <Telephone2 xsi:nil="true"></Telephone2>
          <Telephone3 xsi:nil="true"></Telephone3>
          <TimeZoneRuleVersionNumber xsi:nil="true"></TimeZoneRuleVersionNumber>
          <UPSZone xsi:nil="true"></UPSZone>
          <UTCOffset xsi:nil="true"></UTCOffset>
          <UTCConversionTimeZoneCode xsi:nil="true"></UTCConversionTimeZoneCode>
        </Address>
        <Address>
          <AddressNumber>2</AddressNumber>
          <AddressTypeCode>1</AddressTypeCode>
          <City xsi:nil="true"></City>
          <County xsi:nil="true"></County>
          <Country xsi:nil="true"></Country>
          <Fax xsi:nil="true"></Fax>
          <FreightTermsCode xsi:nil="true"></FreightTermsCode>
          <ImportSequenceNumber xsi:nil="true"></ImportSequenceNumber>
          <Latitude xsi:nil="true"></Latitude>
          <Line1 xsi:nil="true"></Line1>
          <Line2 xsi:nil="true"></Line2>
          <Line3 xsi:nil="true"></Line3>
          <Longitude xsi:nil="true"></Longitude>
          <Name xsi:nil="true"></Name>
          <PostalCode xsi:nil="true"></PostalCode>
          <PostOfficeBox xsi:nil="true"></PostOfficeBox>
          <PrimaryContactName xsi:nil="true"></PrimaryContactName>
          <ShippingMethodCode>1</ShippingMethodCode>
          <StateOrProvince xsi:nil="true"></StateOrProvince>
          <Telephone1 xsi:nil="true"></Telephone1>
          <Telephone2 xsi:nil="true"></Telephone2>
          <Telephone3 xsi:nil="true"></Telephone3>
          <TimeZoneRuleVersionNumber xsi:nil="true"></TimeZoneRuleVersionNumber>
          <UPSZone xsi:nil="true"></UPSZone>
          <UTCOffset xsi:nil="true"></UTCOffset>
          <UTCConversionTimeZoneCode xsi:nil="true"></UTCConversionTimeZoneCode>
        </Address>
      </Addresses>
    </Publisher>
    <RootComponents>
      <RootComponent type="1" schemaName="fsdemo_approvalinstance" behavior="0" />
      <RootComponent type="1" schemaName="fsdemo_approvalprofile" behavior="0" />
      <RootComponent type="29" id="{3ad4b406-bc1b-ee11-8f6c-000d3a794f5a}" behavior="0" />
      <RootComponent type="29" id="{59d8355d-c41b-ee11-8f6c-000d3a794f5a}" behavior="0" />
      <RootComponent type="62" schemaName="fsdemo_ApprovalInstance" behavior="0" />
      <RootComponent type="80" schemaName="fsdemo_ApprovalInstance" behavior="0" />
    </RootComponents>
    <MissingDependencies>
      <MissingDependency>
        <Required type="1" schemaName="msdyn_flow_approvalrequest" displayName="Approval Request" solution="msdyn_FlowApprovalsCore (2.0.1.1)" />
        <Dependent type="62" schemaName="fsdemo_ApprovalInstance" />
      </MissingDependency>
      <MissingDependency>
        <Required type="1" schemaName="msdyn_flow_approvalrequest" displayName="Approval Request" solution="msdyn_FlowApprovalsCore (2.0.1.1)" />
        <Dependent type="80" schemaName="fsdemo_ApprovalInstance" displayName="Approval Instance" />
      </MissingDependency>
      <MissingDependency>
        <Required type="1" schemaName="msdyn_flow_approvalresponse" displayName="Approval Response" solution="msdyn_FlowApprovalsCore (2.0.1.1)" />
        <Dependent type="29" displayName="Approval - Completion" id="{3ad4b406-bc1b-ee11-8f6c-000d3a794f5a}" />
      </MissingDependency>
      <MissingDependency>
        <Required type="1" schemaName="msdyn_flow_approvalresponse" displayName="Approval Response" solution="msdyn_FlowApprovalsCore (2.0.1.1)" />
        <Dependent type="62" schemaName="fsdemo_ApprovalInstance" />
      </MissingDependency>
      <MissingDependency>
        <Required type="1" schemaName="msdyn_flow_approvalresponse" displayName="Approval Response" solution="msdyn_FlowApprovalsCore (2.0.1.1)" />
        <Dependent type="80" schemaName="fsdemo_ApprovalInstance" displayName="Approval Instance" />
      </MissingDependency>
      <MissingDependency>
        <Required type="61" schemaName="msdyn_/Images/AppModule_Default_Icon.png" displayName="msdyn_/Images/AppModule_Default_Icon.png" solution="AppModuleWebResources (2.5)" />
        <Dependent type="80" schemaName="fsdemo_ApprovalInstance" displayName="Approval Instance" />
      </MissingDependency>
      <MissingDependency>
        <Required type="connectionreference" displayName="fs_sharedapprovals_af17b" solution="Active" id.connectionreferencelogicalname="fs_sharedapprovals_af17b" />
        <Dependent type="29" displayName="Approval - Completion" id="{3ad4b406-bc1b-ee11-8f6c-000d3a794f5a}" />
      </MissingDependency>
      <MissingDependency>
        <Required type="connectionreference" displayName="ms_sharedcommondataserviceforapps_e5f6f" solution="Active" id.connectionreferencelogicalname="ms_sharedcommondataserviceforapps_e5f6f" />
        <Dependent type="29" displayName="Approval - Completion" id="{3ad4b406-bc1b-ee11-8f6c-000d3a794f5a}" />
      </MissingDependency>
    </MissingDependencies>
  </SolutionManifest>
</ImportExportXml>