<ImportExportXml xmlns:xsi="http://www.w3.org/2001/XMLSchema-instance">
  <Entities></Entities>
  <Roles></Roles>
  <Workflows>
    <Workflow WorkflowId="{949e1dbf-c466-ee11-9ae7-000d3a7945f8}" Name="Get LTR Notes for App">
      <JsonFileName>/Workflows/GetLTRNotesforApp-949E1DBF-C466-EE11-9AE7-000D3A7945F8.json</JsonFileName>
      <Type>1</Type>
      <Subprocess>0</Subprocess>
      <Category>5</Category>
      <Mode>0</Mode>
      <Scope>4</Scope>
      <OnDemand>0</OnDemand>
      <TriggerOnCreate>0</TriggerOnCreate>
      <TriggerOnDelete>0</TriggerOnDelete>
      <AsyncAutodelete>0</AsyncAutodelete>
      <SyncWorkflowLogOnFailure>0</SyncWorkflowLogOnFailure>
      <StateCode>1</StateCode>
      <StatusCode>2</StatusCode>
      <RunAs>1</RunAs>
      <IsTransacted>1</IsTransacted>
      <IntroducedVersion>1.0.0.0</IntroducedVersion>
      <IsCustomizable>1</IsCustomizable>
      <BusinessProcessType>0</BusinessProcessType>
      <IsCustomProcessingStepAllowedForOtherPublishers>1</IsCustomProcessingStepAllowedForOtherPublishers>
      <PrimaryEntity>none</PrimaryEntity>
      <LocalizedNames>
        <LocalizedName languagecode="1033" description="Get LTR Notes for App" />
      </LocalizedNames>
    </Workflow>
  </Workflows>
  <FieldSecurityProfiles></FieldSecurityProfiles>
  <Templates />
  <EntityMaps />
  <EntityRelationships />
  <OrganizationSettings />
  <optionsets />
  <CustomControls />
  <EntityDataProviders />
  <CanvasApps>
    <CanvasApp>
      <Name>msdemo_ltrfiledownload_27d38</Name>
      <AppVersion>2023-10-09T22:04:39Z</AppVersion>
      <Status>Ready</Status>
      <CreatedByClientVersion>3.23093.27.0</CreatedByClientVersion>
      <MinClientVersion>3.23093.27.0</MinClientVersion>
      <Tags>{"primaryDeviceWidth":"1366","primaryDeviceHeight":"768","supportsPortrait":"true","supportsLandscape":"true","primaryFormFactor":"Tablet","showStatusBar":"false","publisherVersion":"3.23093.27","minimumRequiredApiVersion":"2.2.0","hasComponent":"false","hasUnlockedComponent":"false","isUnifiedRootApp":"false","sienaVersion":"20231009T172144Z-3.23093.27.0"}</Tags>
      <IsCdsUpgraded>0</IsCdsUpgraded>
      <GalleryItemId xsi:nil="true"></GalleryItemId>
      <BackgroundColor>RGBA(0,176,240,1)</BackgroundColor>
      <DisplayName>LTR File Download</DisplayName>
      <Description xsi:nil="true"></Description>
      <CommitMessage xsi:nil="true"></CommitMessage>
      <Publisher xsi:nil="true"></Publisher>
      <AuthorizationReferences>[]</AuthorizationReferences>
      <ConnectionReferences>{"8e56fe3e-fea3-4763-a220-678f69e1ed65":{"id":"/providers/microsoft.powerapps/apis/shared_logicflows","displayName":"Logic flows","iconUri":"https://connectoricons-prod.azureedge.net/releases/v1.0.1653/1.0.1653.3403/logicflows/icon.png","dataSources":["GetLTRNotesforApp"],"dependencies":["d20a1b99-3b74-4b40-82d9-6d87fd5ad34b"],"dependents":[],"parameterHints":{"workflowName":{"value":"0b3b3abf-aeb8-49e3-b472-c4fba361a22d"},"workflowEntityId":{"value":"949e1dbf-c466-ee11-9ae7-000d3a7945f8"},"d20a1b99-3b74-4b40-82d9-6d87fd5ad34b":{"value":"shared_commondataserviceforapps"}},"parameterHintsV2":{"workflowName":{"value":"0b3b3abf-aeb8-49e3-b472-c4fba361a22d"},"workflowEntityId":{"value":"949e1dbf-c466-ee11-9ae7-000d3a7945f8"},"shared_commondataserviceforapps":{"value":"d20a1b99-3b74-4b40-82d9-6d87fd5ad34b"}},"isOnPremiseConnection":false,"bypassConsent":false,"dataSets":{},"apiTier":"Standard","actions":["Run"]},"d20a1b99-3b74-4b40-82d9-6d87fd5ad34b":{"id":"/providers/microsoft.powerapps/apis/shared_commondataserviceforapps","displayName":"Microsoft Dataverse","iconUri":"https://connectoricons-prod.azureedge.net/releases/v1.0.1651/1.0.1651.3382/commondataserviceforapps/icon.png","dataSources":[],"dependencies":[],"dependents":["8e56fe3e-fea3-4763-a220-678f69e1ed65"],"parameterHints":{},"parameterHintsV2":{},"isOnPremiseConnection":false,"bypassConsent":false,"dataSets":{},"apiTier":"Premium"}}</ConnectionReferences>
      <DatabaseReferences>{"default.cds":{"databaseDetails":{"referenceType":"Environmental","environmentName":"default.cds","overrideValues":{"status":"NotSpecified"}},"dataSources":{"Notes":{"entitySetName":"annotations","logicalName":"annotation"}}}}</DatabaseReferences>
      <AppComponents>[]</AppComponents>
      <AppComponentDependencies>[]</AppComponentDependencies>
      <CanConsumeAppPass>1</CanConsumeAppPass>
      <CanvasAppType>0</CanvasAppType>
      <BypassConsent>0</BypassConsent>
      <AdminControlBypassConsent>0</AdminControlBypassConsent>
      <EmbeddedApp xsi:nil="true"></EmbeddedApp>
      <IntroducedVersion>1.0</IntroducedVersion>
      <CdsDependencies>{"cdsdependencies":[{"dependencyid":"949e1dbf-c466-ee11-9ae7-000d3a7945f8","componenttype":29,"componenttypeplatformname":"Workflow"},{"logicalname":"annotation","componenttype":1}]}</CdsDependencies>
      <IsCustomizable>1</IsCustomizable>
      <BackgroundImageUri>/CanvasApps/msdemo_ltrfiledownload_27d38_BackgroundImageUri</BackgroundImageUri>
      <DocumentUri>/CanvasApps/msdemo_ltrfiledownload_27d38_DocumentUri.msapp</DocumentUri>
    </CanvasApp>
  </CanvasApps>
  <connectionreferences>
    <connectionreference connectionreferencelogicalname="msdemo_LTRDemoDataverse">
      <connectionreferencedisplayname>LTR Demo Dataverse</connectionreferencedisplayname>
      <connectorid>/providers/Microsoft.PowerApps/apis/shared_commondataserviceforapps</connectorid>
      <iscustomizable>1</iscustomizable>
      <statecode>0</statecode>
      <statuscode>1</statuscode>
    </connectionreference>
  </connectionreferences>
  <metadataforarchivals>
    <metadataforarchival extensionofrecordid.logicalname="annotation">
      <isavailableforarchival>1</isavailableforarchival>
      <iscustomizable>1</iscustomizable>
      <isreadyforarchival>1</isreadyforarchival>
      <name>annotation</name>
      <statecode>0</statecode>
      <statuscode>1</statuscode>
    </metadataforarchival>
  </metadataforarchivals>
  <Languages>
    <Language>1033</Language>
  </Languages>
</ImportExportXml>