{
  "properties": {
    "connectionReferences": {
      "shared_powerplatformforadmins_1": {
        "runtimeSource": "invoker",
        "connection": {
          "connectionReferenceLogicalName": "demo_AllEnvSolutionPPAdminManagement"
        },
        "api": {
          "name": "shared_powerplatformforadmins"
        }
      },
      "shared_commondataserviceforapps_1": {
        "runtimeSource": "embedded",
        "connection": {
          "connectionReferenceLogicalName": "demo_AllEnvSolutionDataverse"
        },
        "api": {
          "name": "shared_commondataserviceforapps"
        }
      }
    },
    "definition": {
      "$schema": "https://schema.management.azure.com/providers/Microsoft.Logic/schemas/2016-06-01/workflowdefinition.json#",
      "contentVersion": "1.0.0.0",
      "parameters": {
        "$connections": {
          "defaultValue": {},
          "type": "Object"
        },
        "$authentication": {
          "defaultValue": {},
          "type": "SecureObject"
        }
      },
      "triggers": {
        "manual": {
          "metadata": {
            "operationMetadataId": "7c2b0be1-f378-47a2-9aa8-1bdbf0b84f9b"
          },
          "type": "Request",
          "kind": "Button",
          "inputs": {
            "schema": {
              "type": "object",
              "properties": {},
              "required": []
            }
          }
        }
      },
      "actions": {
        "SkipToken": {
          "runAfter": {},
          "metadata": {
            "operationMetadataId": "1ca0c0a4-c234-4288-981f-5b3c8b31aa80"
          },
          "type": "InitializeVariable",
          "inputs": {
            "variables": [
              {
                "name": "varSkipToken",
                "type": "string",
                "value": "first"
              }
            ]
          }
        },
        "Do_until": {
          "actions": {
            "List_next_Environments": {
              "runAfter": {},
              "metadata": {
                "operationMetadataId": "1bd55141-2595-4674-a2d8-38ae3b0625f5"
              },
              "type": "OpenApiConnection",
              "inputs": {
                "host": {
                  "connectionName": "shared_powerplatformforadmins_1",
                  "operationId": "Get-AdminEnvironment",
                  "apiId": "/providers/Microsoft.PowerApps/apis/shared_powerplatformforadmins"
                },
                "parameters": {
                  "api-version": "2018-10-01",
                  "$skiptoken": "@if(equals(variables('varSkipToken'), 'first'), '', decodeUriComponent(variables('varSkipToken')))",
                  "$top": 2
                },
                "authentication": {
                  "type": "Raw",
                  "value": "@json(decodeBase64(triggerOutputs().headers['X-MS-APIM-Tokens']))['$ConnectionKey']"
                },
                "retryPolicy": {
                  "type": "none"
                }
              },
              "description": "SkipToken = if(equals(variables('varSkipToken'), 'first'), '', decodeUriComponent(variables('varSkipToken')))"
            },
            "Apply_to_each": {
              "foreach": "@outputs('List_next_Environments')?['body/value']",
              "actions": {
                "If_has_instance_URL": {
                  "actions": {
                    "Run_a_Child_Flow": {
                      "runAfter": {},
                      "metadata": {
                        "operationMetadataId": "ebce1ef8-2dd2-450a-b028-5f85c8c9ae5a"
                      },
                      "type": "Workflow",
                      "inputs": {
                        "host": {
                          "workflowReferenceName": "c087d4b7-6b12-ef11-9f89-6045bd1c31c1"
                        },
                        "body": {
                          "text": "@items('Apply_to_each')?['name']",
                          "text_1": "f9ca127d-7f4e-4b87-a34c-7052e54ea46e",
                          "text_2": "@items('Apply_to_each')?['properties/linkedEnvironmentMetadata/instanceUrl']",
                          "text_3": "@outputs('Export_Sample_Solution')?['body/ExportSolutionFile']"
                        },
                        "retryPolicy": {
                          "type": "none"
                        }
                      },
                      "description": "Sample: Hardcoded Client ID = you may use a variable for this. or other means"
                    }
                  },
                  "runAfter": {},
                  "expression": {
                    "greater": [
                      "@length(coalesce(item()?['properties']?['linkedEnvironmentMetadata']?['instanceUrl'], ''))",
                      0
                    ]
                  },
                  "metadata": {
                    "operationMetadataId": "4b9e5e55-1bdb-4840-92c8-7d4ee03cf84a"
                  },
                  "type": "If",
                  "description": "length(coalesce(item()?['properties']?['linkedEnvironmentMetadata']?['instanceUrl'], ''))"
                }
              },
              "runAfter": {
                "Update_next_SkipToken": [
                  "Succeeded"
                ]
              },
              "metadata": {
                "operationMetadataId": "f10539a1-1395-4aa6-8390-61a7ede16536"
              },
              "type": "Foreach",
              "runtimeConfiguration": {
                "concurrency": {
                  "repetitions": 20
                }
              }
            },
            "Update_next_SkipToken": {
              "runAfter": {
                "List_next_Environments": [
                  "Succeeded"
                ]
              },
              "metadata": {
                "operationMetadataId": "2122c9bc-1bd9-4485-b93c-93a8d8c9f15a"
              },
              "type": "SetVariable",
              "inputs": {
                "name": "varSkipToken",
                "value": "@{first(split(last(split(coalesce(body('List_next_Environments')?['nextLink'], ''), 'skiptoken=')),'&'))}"
              },
              "description": "Get SkipToken value from \"NextLink\" property: first(split(last(split(coalesce(body('List_next_Environments')?['nextLink'], ''), 'skiptoken=')),'&'))"
            }
          },
          "runAfter": {
            "Export_Sample_Solution": [
              "Succeeded"
            ]
          },
          "expression": "@equals(length(variables('varSkipToken')), 0)",
          "limit": {
            "count": 10,
            "timeout": "PT1H"
          },
          "metadata": {
            "operationMetadataId": "637542da-28f4-44cc-af03-843991ac06a8"
          },
          "type": "Until",
          "description": "length(variables('varSkipToken'))"
        },
        "Export_Sample_Solution": {
          "runAfter": {
            "SkipToken": [
              "Succeeded"
            ]
          },
          "metadata": {
            "operationMetadataId": "fd78b927-9689-41dc-8e29-b1b6d8d3ce6d"
          },
          "type": "OpenApiConnection",
          "inputs": {
            "host": {
              "connectionName": "shared_commondataserviceforapps_1",
              "operationId": "PerformUnboundAction",
              "apiId": "/providers/Microsoft.PowerApps/apis/shared_commondataserviceforapps"
            },
            "parameters": {
              "actionName": "ExportSolution",
              "item/SolutionName": "SampleSolution",
              "item/Managed": false,
              "item/ExportAutoNumberingSettings": false,
              "item/ExportCalendarSettings": false,
              "item/ExportCustomizationSettings": false,
              "item/ExportEmailTrackingSettings": false,
              "item/ExportGeneralSettings": false,
              "item/ExportMarketingSettings": false,
              "item/ExportOutlookSynchronizationSettings": false,
              "item/ExportRelationshipRoles": false,
              "item/ExportIsvConfig": false,
              "item/ExportSales": false,
              "item/ExportExternalApplications": false
            },
            "authentication": {
              "type": "Raw",
              "value": "@json(decodeBase64(triggerOutputs().headers['X-MS-APIM-Tokens']))['$ConnectionKey']"
            }
          }
        }
      }
    },
    "templateName": ""
  },
  "schemaVersion": "1.0.0.0"
}