<ImportExportXml xmlns:xsi="http://www.w3.org/2001/XMLSchema-instance">
  <Entities></Entities>
  <Roles></Roles>
  <Workflows></Workflows>
  <FieldSecurityProfiles></FieldSecurityProfiles>
  <Templates />
  <EntityMaps />
  <EntityRelationships />
  <OrganizationSettings />
  <optionsets />
  <CustomControls />
  <EntityDataProviders />
  <Connectors>
    <Connector>
      <connectorid>b634cac6-3860-4e9b-811e-b215da3ff3e7</connectorid>
      <description></description>
      <displayname>FileUtility</displayname>
      <iconbrandcolor>#007ee5</iconbrandcolor>
      <name>demo_fileutility</name>
      <connectortype>1</connectortype>
      <scriptoperations>["SplitFile"]</scriptoperations>
      <openapidefinition>/Connector/demo_fileutility_openapidefinition.json</openapidefinition>
      <connectionparameters>/Connector/demo_fileutility_connectionparameters.json</connectionparameters>
      <policytemplateinstances>/Connector/demo_fileutility_policytemplateinstances.json</policytemplateinstances>
      <customcodeblobcontent>/Connector/demo_fileutility_customcodeblobcontent.csx</customcodeblobcontent>
      <iconblob>/Connector/demo_fileutility_iconblob.Png</iconblob>
    </Connector>
  </Connectors>
  <Languages>
    <Language>1033</Language>
  </Languages>
</ImportExportXml>