{
  "properties": {
    "connectionReferences": {
      "shared_commondataserviceforapps": {
        "runtimeSource": "embedded",
        "connection": {
          "connectionReferenceLogicalName": "ms_sharedcommondataserviceforapps_e5f6f"
        },
        "api": {
          "name": "shared_commondataserviceforapps"
        }
      },
      "shared_approvals": {
        "runtimeSource": "embedded",
        "connection": {
          "connectionReferenceLogicalName": "fs_sharedapprovals_af17b"
        },
        "api": {
          "name": "shared_approvals"
        }
      },
      "shared_commondataserviceforapps_1": {
        "impersonation": {
          "source": "invoker"
        },
        "runtimeSource": "embedded",
        "connection": {
          "connectionReferenceLogicalName": "fsdemo_LongDataverse"
        },
        "api": {
          "name": "shared_commondataserviceforapps"
        }
      }
    },
    "definition": {
      "$schema": "https://schema.management.azure.com/providers/Microsoft.Logic/schemas/2016-06-01/workflowdefinition.json#",
      "contentVersion": "1.0.0.0",
      "parameters": {
        "$connections": {
          "defaultValue": {},
          "type": "Object"
        },
        "$authentication": {
          "defaultValue": {},
          "type": "SecureObject"
        }
      },
      "triggers": {
        "When_a_row_is_added,_modified_or_deleted": {
          "metadata": {
            "operationMetadataId": "0bbdb784-e951-4990-bc3c-e5ed261bc08c"
          },
          "type": "OpenApiConnectionWebhook",
          "inputs": {
            "host": {
              "connectionName": "shared_commondataserviceforapps",
              "operationId": "SubscribeWebhookTrigger",
              "apiId": "/providers/Microsoft.PowerApps/apis/shared_commondataserviceforapps"
            },
            "parameters": {
              "subscriptionRequest/message": 1,
              "subscriptionRequest/entityname": "msdyn_flow_approvalresponse",
              "subscriptionRequest/scope": 4,
              "subscriptionRequest/runas": 1
            },
            "authentication": "@parameters('$authentication')"
          }
        }
      },
      "actions": {
        "Find_current_instance": {
          "runAfter": {},
          "metadata": {
            "operationMetadataId": "e93c203c-121d-4634-bf82-cd455e2b4f28"
          },
          "type": "OpenApiConnection",
          "inputs": {
            "host": {
              "connectionName": "shared_commondataserviceforapps",
              "operationId": "ListRecords",
              "apiId": "/providers/Microsoft.PowerApps/apis/shared_commondataserviceforapps"
            },
            "parameters": {
              "entityName": "fsdemo_approvalinstances",
              "$select": "fsdemo_approvalinstanceid,fsdemo_approvallevel, fsdemo_name",
              "$filter": "fsdemo_approvalid eq @{triggerOutputs()?['body/msdyn_flow_approvalresponseidx_approvalid']} and fsdemo_processstatus eq 1000",
              "$top": 1
            },
            "authentication": "@parameters('$authentication')"
          }
        },
        "If_current_instance_exists": {
          "actions": {
            "Next_Level": {
              "runAfter": {},
              "metadata": {
                "operationMetadataId": "34c7a865-8cdb-4af3-ab1f-e612d61ad432"
              },
              "type": "Compose",
              "inputs": "@add(first(outputs('Find_current_instance')?['body/value'])['fsdemo_approvallevel'],1)"
            },
            "Find_Next_Level": {
              "runAfter": {
                "Next_Level": [
                  "Succeeded"
                ]
              },
              "metadata": {
                "operationMetadataId": "221c509a-ad8f-4b1c-a721-df857f02839e"
              },
              "type": "OpenApiConnection",
              "inputs": {
                "host": {
                  "connectionName": "shared_commondataserviceforapps",
                  "operationId": "ListRecords",
                  "apiId": "/providers/Microsoft.PowerApps/apis/shared_commondataserviceforapps"
                },
                "parameters": {
                  "entityName": "fsdemo_approvalprofiles",
                  "$select": "fsdemo_level, fsdemo_name",
                  "$filter": "fsdemo_level eq @{outputs('Next_Level')}"
                },
                "authentication": "@parameters('$authentication')"
              }
            },
            "Next_Level_Exists": {
              "actions": {
                "Create_an_approval": {
                  "runAfter": {
                    "Select": [
                      "Succeeded"
                    ]
                  },
                  "metadata": {
                    "operationMetadataId": "4b01ce43-8f9c-4baf-bc8d-938b7e425f62"
                  },
                  "type": "OpenApiConnection",
                  "inputs": {
                    "host": {
                      "connectionName": "shared_approvals",
                      "operationId": "CreateAnApproval",
                      "apiId": "/providers/Microsoft.PowerApps/apis/shared_approvals"
                    },
                    "parameters": {
                      "approvalType": "Basic",
                      "ApprovalCreationInput/title": "Level @{outputs('Next_Level')} approval",
                      "ApprovalCreationInput/assignedTo": "@join(body('Select'),';')",
                      "ApprovalCreationInput/details": "Approval for @{first(body('Find_current_instance')['value'])['fsdemo_name']}",
                      "ApprovalCreationInput/enableNotifications": true,
                      "ApprovalCreationInput/enableReassignment": true
                    },
                    "authentication": "@parameters('$authentication')"
                  }
                },
                "Select": {
                  "runAfter": {},
                  "metadata": {
                    "operationMetadataId": "3f21f64c-f0bd-4b69-a7fe-fe7737f1ca71"
                  },
                  "type": "Select",
                  "inputs": {
                    "from": "@outputs('Find_Next_Level')?['body/value']",
                    "select": "@item()['fsdemo_name']"
                  }
                },
                "Update_next_Level": {
                  "runAfter": {
                    "Create_an_approval": [
                      "Succeeded"
                    ]
                  },
                  "metadata": {
                    "operationMetadataId": "86481a5d-f151-48c2-8fad-a84e51aefee2"
                  },
                  "type": "OpenApiConnection",
                  "inputs": {
                    "host": {
                      "connectionName": "shared_commondataserviceforapps",
                      "operationId": "UpdateRecord",
                      "apiId": "/providers/Microsoft.PowerApps/apis/shared_commondataserviceforapps"
                    },
                    "parameters": {
                      "entityName": "fsdemo_approvalinstances",
                      "recordId": "@first(outputs('Find_current_instance')?['body/value'])['fsdemo_approvalinstanceid']",
                      "item/fsdemo_approvalid": "@outputs('Create_an_approval')?['body/name']",
                      "item/fsdemo_approvallevel": "@outputs('Next_Level')"
                    },
                    "authentication": "@parameters('$authentication')"
                  }
                }
              },
              "runAfter": {
                "Find_Next_Level": [
                  "Succeeded"
                ]
              },
              "else": {
                "actions": {
                  "Completion": {
                    "runAfter": {},
                    "metadata": {
                      "operationMetadataId": "86481a5d-f151-48c2-8fad-a84e51aefee2"
                    },
                    "type": "OpenApiConnection",
                    "inputs": {
                      "host": {
                        "connectionName": "shared_commondataserviceforapps_1",
                        "operationId": "UpdateRecord",
                        "apiId": "/providers/Microsoft.PowerApps/apis/shared_commondataserviceforapps"
                      },
                      "parameters": {
                        "entityName": "fsdemo_approvalinstances",
                        "recordId": "@first(outputs('Find_current_instance')?['body/value'])['fsdemo_approvalinstanceid']",
                        "item/fsdemo_processstatus": 1001
                      },
                      "authentication": "@parameters('$authentication')"
                    }
                  }
                }
              },
              "expression": {
                "greater": [
                  "@length(body('Find_Next_Level')['value'])",
                  0
                ]
              },
              "metadata": {
                "operationMetadataId": "38c5610a-c784-46c7-8d03-e69b2b7bdd81"
              },
              "type": "If"
            }
          },
          "runAfter": {
            "Find_current_instance": [
              "Succeeded"
            ]
          },
          "expression": {
            "greater": [
              "@length(outputs('Find_current_instance')?['body/value'])",
              0
            ]
          },
          "metadata": {
            "operationMetadataId": "059e0320-2d6c-4544-8e82-d6d5e19fa87d"
          },
          "type": "If"
        }
      }
    },
    "templateName": ""
  },
  "schemaVersion": "1.0.0.0"
}