{
  "properties": {
    "connectionReferences": {
      "shared_commondataserviceforapps": {
        "runtimeSource": "embedded",
        "connection": {
          "connectionReferenceLogicalName": "coe_ConnMgrDV"
        },
        "api": {
          "name": "shared_commondataserviceforapps"
        }
      }
    },
    "definition": {
      "$schema": "https://schema.management.azure.com/providers/Microsoft.Logic/schemas/2016-06-01/workflowdefinition.json#",
      "contentVersion": "1.0.0.0",
      "parameters": {
        "$connections": {
          "defaultValue": {},
          "type": "Object"
        },
        "$authentication": {
          "defaultValue": {},
          "type": "SecureObject"
        }
      },
      "triggers": {
        "Recurrence": {
          "recurrence": {
            "frequency": "Day",
            "interval": 1,
            "startTime": "2023-05-30T00:00:00Z"
          },
          "metadata": {
            "operationMetadataId": "2bbea7cb-81bc-448e-990c-092f77e50c84"
          },
          "type": "Recurrence"
        }
      },
      "actions": {
        "Get_past_time": {
          "runAfter": {},
          "metadata": {
            "operationMetadataId": "ff415987-f54a-4ca0-bc0e-0731f4946a60"
          },
          "type": "Expression",
          "kind": "GetPastTime",
          "inputs": {
            "interval": 48,
            "timeUnit": "Hour"
          }
        },
        "List_rows": {
          "runAfter": {
            "Get_past_time": [
              "Succeeded"
            ]
          },
          "metadata": {
            "operationMetadataId": "2d6adad1-e58e-41c9-8ccb-375ef7f93aa0"
          },
          "type": "OpenApiConnection",
          "inputs": {
            "host": {
              "connectionName": "shared_commondataserviceforapps",
              "operationId": "ListRecords",
              "apiId": "/providers/Microsoft.PowerApps/apis/shared_commondataserviceforapps"
            },
            "parameters": {
              "entityName": "coe_connectioninventoryscans",
              "$filter": "createdon lt '@{body('Get_past_time')}'"
            },
            "authentication": "@parameters('$authentication')"
          }
        },
        "Apply_to_each": {
          "foreach": "@outputs('List_rows')?['body/value']",
          "actions": {
            "Delete_a_row": {
              "runAfter": {},
              "metadata": {
                "operationMetadataId": "b1369be1-9b83-42af-bf54-bd8733c1c885"
              },
              "type": "OpenApiConnection",
              "inputs": {
                "host": {
                  "connectionName": "shared_commondataserviceforapps",
                  "operationId": "DeleteRecord",
                  "apiId": "/providers/Microsoft.PowerApps/apis/shared_commondataserviceforapps"
                },
                "parameters": {
                  "entityName": "coe_connectioninventoryscans",
                  "recordId": "@items('Apply_to_each')?['coe_connectioninventoryscanid']"
                },
                "authentication": "@parameters('$authentication')"
              }
            }
          },
          "runAfter": {
            "List_rows": [
              "Succeeded"
            ]
          },
          "metadata": {
            "operationMetadataId": "f6910f06-b120-467d-aa51-30efe16a17bb"
          },
          "type": "Foreach"
        }
      }
    },
    "templateName": ""
  },
  "schemaVersion": "1.0.0.0"
}