{
  "properties": {
    "connectionReferences": {
      "shared_commondataserviceforapps": {
        "runtimeSource": "embedded",
        "connection": {
          "connectionReferenceLogicalName": "coe_ConnMgrDV"
        },
        "api": {
          "name": "shared_commondataserviceforapps"
        }
      },
      "shared_powerappsforadmins_1": {
        "runtimeSource": "embedded",
        "connection": {
          "connectionReferenceLogicalName": "coe_ConnMgrPPAdmin"
        },
        "api": {
          "name": "shared_powerappsforadmins"
        }
      }
    },
    "definition": {
      "$schema": "https://schema.management.azure.com/providers/Microsoft.Logic/schemas/2016-06-01/workflowdefinition.json#",
      "contentVersion": "1.0.0.0",
      "parameters": {
        "$connections": {
          "defaultValue": {},
          "type": "Object"
        },
        "$authentication": {
          "defaultValue": {},
          "type": "SecureObject"
        }
      },
      "triggers": {
        "Recurrence": {
          "recurrence": {
            "frequency": "Hour",
            "interval": 24
          },
          "metadata": {
            "operationMetadataId": "465d6bc2-ef33-442a-9854-fa3e3b22e4dd"
          },
          "type": "Recurrence"
        }
      },
      "actions": {
        "varAppFlowConnections": {
          "runAfter": {
            "Config": [
              "Succeeded"
            ]
          },
          "metadata": {
            "operationMetadataId": "b7c15f80-6648-4d25-aa52-ccc3ce44474d"
          },
          "type": "InitializeVariable",
          "inputs": {
            "variables": [
              {
                "name": "varAppFlowConnections",
                "type": "array"
              }
            ]
          }
        },
        "List_Environments": {
          "runAfter": {
            "Create_New_Scan_Entry": [
              "Succeeded"
            ]
          },
          "metadata": {
            "operationMetadataId": "fede1b6d-5816-437a-9d0d-809143450dce"
          },
          "type": "OpenApiConnection",
          "inputs": {
            "host": {
              "connectionName": "shared_commondataserviceforapps",
              "operationId": "ListRecords",
              "apiId": "/providers/Microsoft.PowerApps/apis/shared_commondataserviceforapps"
            },
            "parameters": {
              "entityName": "admin_environments",
              "$select": "admin_displayname,admin_environmentname, admin_environmentid",
              "$filter": "admin_environmentsku eq 'Production' or admin_environmentsku eq 'Sandbox' or admin_environmentsku eq 'Default'"
            },
            "authentication": "@parameters('$authentication')"
          },
          "description": "Filter to only Production, Sandbox and Default environment. Excluded Dev, Teams and Trials"
        },
        "Each_Environment": {
          "foreach": "@outputs('List_Environments')?['body/value']",
          "actions": {
            "CreateMultiple": {
              "runAfter": {
                "Select": [
                  "Succeeded"
                ]
              },
              "metadata": {
                "operationMetadataId": "d222ae11-c97a-4450-8279-42b7394c675d"
              },
              "type": "Compose",
              "inputs": "@addProperty(json('{}'), 'Target', body('Select'))"
            },
            "Get_Connections_as_Admin": {
              "runAfter": {},
              "metadata": {
                "operationMetadataId": "17b263f6-e7c0-4480-952c-265b76d27e2f"
              },
              "type": "OpenApiConnection",
              "inputs": {
                "host": {
                  "connectionName": "shared_powerappsforadmins_1",
                  "operationId": "Get-AdminConnections",
                  "apiId": "/providers/Microsoft.PowerApps/apis/shared_powerappsforadmins"
                },
                "parameters": {
                  "environment": "@item()['admin_environmentname']",
                  "api-version": "2016-11-01"
                },
                "authentication": "@parameters('$authentication')"
              }
            },
            "Select": {
              "runAfter": {
                "Get_Connections_as_Admin": [
                  "Succeeded"
                ]
              },
              "metadata": {
                "operationMetadataId": "cd971ca5-8617-4ea6-9088-ca1099f319ff"
              },
              "type": "Select",
              "inputs": {
                "from": "@outputs('Get_Connections_as_Admin')?['body/value']",
                "select": {
                  "@@odata.type": "Microsoft.Dynamics.CRM.coe_connectiondetail",
                  "coe_name": "@item()?['name']",
                  "coe_connectionid": "@last(split(item()?['id'],'/'))",
                  "coe_connectioncreatedby": "@item()?['properties/createdBy/userPrincipalName']",
                  "coe_connectioncreatedon": "@item()?['properties/createdTime']",
                  "coe_connectionmodifiedon": "@item()?['properties/lastModifiedTime']",
                  "coe_accountname": "@item()?['properties']?['accountName']",
                  "coe_environmentid": "@item()?['properties/environment/name']",
                  "coe_expirationtime": "@item()?['properties/expirationTime']",
                  "coe_iconuri": "@item()?['properties/iconUri']",
                  "coe_connector": "@last(split(item()?['properties/apiId'],'/'))",
                  "coe_ConnectionInventoryScan@odata.bind": "/coe_connectioninventoryscans(@{outputs('Create_New_Scan_Entry')?['body/coe_connectioninventoryscanid']})",
                  "ttlinseconds": "172800",
                  "coe_workflowcallbackuri": "@item()?['properties']?['connectionParameters']?['workFlowCallbackUri']",
                  "coe_connectionstatus": "@if(greater(length(item()?['properties']?['statuses']),1), \r\n    'Error', 'Connected'\r\n)",
                  "coe_connectiondetailurl": "https://make.powerapps.com/environments/@{item()?['properties']?['environment']?['name']}/connections/@{last(split(item()?['properties/apiId'],'/'))}/@{item()?['name']}/details",
                  "coe_environmentname": "@items('Each_Environment')?['admin_displayname']",
                  "coe_isshareable": "@if(equals(item()?['properties']?['allowSharing'], true), 'Yes','No')",
                  "coe_statusdetails": "\"@{item()?['properties']?['statuses']}\"",
                  "coe_displayname": "@item()?['properties/displayName']"
                }
              }
            },
            "Create_Records": {
              "runAfter": {
                "CreateMultiple": [
                  "Succeeded"
                ]
              },
              "metadata": {
                "operationMetadataId": "64daa54d-e30c-484f-8a9d-a18d674a826a"
              },
              "type": "Http",
              "inputs": {
                "method": "POST",
                "uri": "@{outputs('config')['OrgUrl']}/api/data/v9.2/CreateMultipleLegacy",
                "headers": {
                  "Content-Type": "application/json"
                },
                "body": "@outputs('CreateMultiple')",
                "authentication": {
                  "type": "ActiveDirectoryOAuth",
                  "authority": "https://login.microsoftonline.com",
                  "tenant": "@{outputs('Config')['tenant']}",
                  "audience": "@{outputs('Config')['OrgUrl']}",
                  "clientId": "@{outputs('Config')['ClientId']}",
                  "secret": "@{outputs('Config')['ClientSecret']}"
                }
              }
            }
          },
          "runAfter": {
            "List_Environments": [
              "Succeeded"
            ]
          },
          "metadata": {
            "operationMetadataId": "0c9f1a73-0845-4ccc-91bd-e2466b3342a6"
          },
          "type": "Foreach",
          "runtimeConfiguration": {
            "concurrency": {
              "repetitions": 50
            }
          }
        },
        "Config": {
          "runAfter": {},
          "metadata": {
            "operationMetadataId": "aabb1535-7090-4705-b2ce-0a09b181b160"
          },
          "type": "Compose",
          "inputs": {
            "OrgUrl": "https://org5e867069.crm6.dynamics.com",
            "ClientId": "c2cdb7be-496a-4928-9ae5-d7cd229a302e",
            "ClientSecret": "PM68Q~alW1l-3nusdAb.n2q01UG-42dJc7wtddlj",
            "tenant": "6e3d858c-c14d-403d-a559-9721783d9a54"
          }
        },
        "Create_New_Scan_Entry": {
          "runAfter": {
            "varAppFlowConnections": [
              "Succeeded"
            ]
          },
          "metadata": {
            "operationMetadataId": "0307c1ab-e520-412b-a662-a88713244d17"
          },
          "type": "OpenApiConnection",
          "inputs": {
            "host": {
              "connectionName": "shared_commondataserviceforapps",
              "operationId": "CreateRecord",
              "apiId": "/providers/Microsoft.PowerApps/apis/shared_commondataserviceforapps"
            },
            "parameters": {
              "entityName": "coe_connectioninventoryscans"
            },
            "authentication": "@parameters('$authentication')"
          }
        }
      }
    },
    "templateName": ""
  },
  "schemaVersion": "1.0.0.0"
}